Movie_Name,Contributors,Budget,Revenue
The Tree of Life,"['Terrence Malick', 'Brad Pitt', 'Sean Penn', 'Jessica Chastain']",32,54303319
Killer Elite,"['Gary McKendry', 'Clive Owen', 'Jason Statham', 'Robert De Niro']",70,56383756
Winnie Mandela,"['Darrell Roodt', 'Darrell Roodt', 'Jennifer Hudson', 'Terrence Howard', 'Wendy Crewson', 'Elias Koteas']",0,80634
Diana Vreeland: The Eye Has to Travel,[],0,1017579
The Three Musketeers,"['Paul W. S. Anderson', 'Andrew Davies', 'Matthew Macfadyen', 'Logan Lerman', 'Ray Stevenson', 'Luke Evans', 'Milla Jovovich', 'Orlando Bloom', 'Christoph Waltz']",75,132274484
Unknown,"['Jaume Collet-Serra', 'Liam Neeson', 'Diane Kruger', 'January Jones', 'Aidan Quinn', 'Frank Langella']",30,136123083
The Devil's Double,"['Lee Tamahori', 'Dominic Cooper', 'Philip Quast', 'Ludivine Sagnier']",19.1,4807493
50/50,"['Jonathan Levine', 'Will Reiser', 'Joseph Gordon-Levitt', 'Seth Rogen', 'Anna Kendrick', 'Bryce Dallas Howard', 'Anjelica Huston']",8,39187783
Battle: Los Angeles,"['Jonathan Liebesman', 'Chris Bertolini', 'Aaron Eckhart', 'Michelle Rodriguez', 'Ramon Rodriguez', 'Bridget Moynahan', 'Ne-Yo', 'Michael Pea']",70,211819354
Immortals,"['Tarsem Singh', 'Henry Cavill', 'Stephen Dorff', 'Luke Evans', 'Isabel Lucas', 'Kellan Lutz', 'Freida Pinto', 'Mickey Rourke']",75,226904017
Rise of the Planet of the Apes,"['Rupert Wyatt', 'James Franco', 'Freida Pinto', 'John Lithgow', 'Brian Cox', 'Tom Felton', 'David Oyelowo', 'Andy Serkis']",93,481801049
Harry Potter and the Deathly Hallows  Part 2,"['David Yates', 'Daniel Radcliffe', 'Rupert Grint', 'Emma Watson']",250(Shared with Part 1),1341511219
Drive Angry,"['Patrick Lussier', 'Todd Farmer', 'Nicolas Cage', 'Amber Heard', 'William Fichtner', 'Billy Burke', 'Charlotte Ross', 'Katy Mixon', 'Tom Atkins']",4555,28931401
The Roommate,"['Christian E. Christiansen', 'Leighton Meester', 'Minka Kelly', 'Cam Gigandet', 'Danneel Harris', 'Matt Lanter', 'Aly Michalka', 'Katerina Graham', 'Cherilyn Wilson', 'Billy Zane', 'Frances Fisher', 'Tomas Arana', 'Nina Dobrev']",16,40492759 
The Darkest Hour,"['Chris Gorak', 'Emile Hirsch', 'Olivia Thirlby', 'Max Minghella', 'Rachael Taylor']",30,64626786
Fullmetal Alchemist: The Sacred Star of Milos,"['Kazuya Murata', 'Romi Park', 'Rie Kugimiya', 'Maaya Sakamoto', 'Toshiyuki Morikawa', 'Sakiko Tamagawa', 'Shin-ichiro Miki', 'Fumiko Orikasa', 'Megumi Takamoto', 'Kenji Utsumi']",0,7.4  (Japan)
Like Crazy,"['Drake Doremus', 'Ben York Jones', 'Anton Yelchin', 'Felicity Jones', 'Jennifer Lawrence', 'Alex Kingston']",250000,3542353
Final Destination 5,"['Steven Quale', 'Eric Heisserer', ""Nicholas D'Agosto"", 'Emma Bell', 'Miles Fisher', 'Arlen Escarpeta', 'David Koechner', 'Tony Todd']",40,157887643
Scream 4,"['Wes Craven', 'Ehren Kruger', 'Scott Derrickson', 'David Arquette', 'Neve Campbell', 'Courteney Cox', 'Emma Roberts', 'Hayden Panettiere']",40,101314231
Margaret,"['Kenneth Lonergan', 'Anna Paquin', 'Matt Damon', 'Mark Ruffalo', 'Kieran Culkin', 'Olivia Thirlby', 'Rosemarie DeWitt', 'J. Smith-Cameron', 'Matthew Broderick', 'Allison Janney', 'Jean Reno']",14000000,564864
X-Men: First Class,"['Matthew Vaughn', 'James McAvoy', 'Michael Fassbender', 'Rose Byrne', 'Jennifer Lawrence', 'January Jones', 'Nicholas Hoult', 'Oliver Platt', 'Jason Flemyng', 'Lucas Till', 'Edi Gathegi', 'Kevin Bacon']",140160,353624124
We Need to Talk About Kevin,"['Lynne Ramsay', 'Tilda Swinton', 'John C. Reilly', 'Ezra Miller']",7,7493626
Anonymous,"['Roland Emmerich', 'John Orloff', 'Rhys Ifans', 'Vanessa Redgrave', 'Joely Richardson', 'David Thewlis', 'Xavier Samuel', 'Sebastian Armesto', 'Rafe Spall', 'Edward Hogg', 'Jamie Campbell Bower', 'Mark Rylance', 'Trystan Gravelle', 'Derek Jacobi']",30,15395087
War Horse,"['Steven Spielberg', 'Jeremy Irvine', 'Emily Watson', 'David Thewlis', 'Niels Arestrup', 'Tom Hiddleston', 'Toby Kebbell', 'Peter Mullan', 'Patrick Kennedy']",66,177.6
In the Land of Blood and Honey,"['Angelina Jolie', '[1]', 'Goran Kosti', 'Zana Marjanovi', 'Rade erbedija']",13,1203699
Surviving Progress,[],0,0
Carnage,"['Roman Polanski', 'Jodie Foster', 'Kate Winslet', 'Christoph Waltz', 'John C. Reilly']",25,27603069
New Year's Eve,"['Garry Marshall', 'Katherine Fugate', 'Halle Berry', 'Jessica Biel', 'Jon Bon Jovi', 'Abigail Breslin', 'Chris ""Ludacris"" Bridges', 'Robert De Niro', 'Josh Duhamel', 'Zac Efron', 'Hector Elizondo', 'Katherine Heigl', 'Ashton Kutcher', 'Seth Meyers', 'Lea Michele', 'Sarah Jessica Parker', 'Michelle Pfeiffer', 'Til Schweiger', 'Hilary Swank', 'Sofa Vergara']",56,142044638
Buck,['Cindy Meehl'],0,3.4  (8/11/11)
Win Win,"['Thomas McCarthy', 'Paul Giamatti', 'Alex Shaffer', 'Amy Ryan', 'Bobby Cannavale']",0,11869791
October Baby,"['Andrew Erwin', 'Jon Erwin', 'Jason Burkey', 'John Schneider', 'Jasmine Guy']",1000000,5357328
Dream House,"['Jim Sheridan', 'Daniel Craig', 'Rachel Weisz', 'Naomi Watts', 'Marton Csokas']",50,38502340
Monsieur Lazhar,"['Philippe Falardeau', 'Mohamed Fellag', 'Sophie Nlisse', 'Danielle Proulx']",0,6581915
Dolphin Tale,"['Charles Martin Smith', 'Harry Connick, Jr', 'Ashley Judd', 'Nathan Gamble', 'Kris Kristofferson', 'Cozi Zuehlsdorff', 'Morgan Freeman']",37,95.4
The Hangover Part II,"['Todd Phillips', 'Scot Armstrong', 'Craig Mazin', 'Bradley Cooper', 'Ed Helms', 'Zach Galifianakis', 'Ken Jeong', 'Jeffrey Tambor', 'Justin Bartha', 'Paul Giamatti']",80,586.8
Thor,"['Kenneth Branagh', 'Chris Hemsworth', 'Natalie Portman', 'Tom Hiddleston', 'Stellan Skarsgrd', 'Colm Feore', 'Ray Stevenson', 'Idris Elba', 'Kat Dennings', 'Rene Russo', 'Anthony Hopkins']",150,449.3
The Skin I Live In,"['Pedro Almodvar', 'Antonio Banderas', 'Elena Anaya', 'Marisa Paredes', 'Jan Cornet', 'Roberto lamo']",13516393,30842353
Cedar Rapids,"['Miguel Arteta', 'Ed Helms', 'John C. Reilly', 'Anne Heche', 'Isiah Whitlock Jr.', 'Sigourney Weaver']",0,6861102
Beneath the Darkness,"['Dennis Quaid', 'Tony Oller', 'Aimee Teegarden']",7,9600
Where Do We Go Now?,"['Nadine Labaki', 'Rodney El Haddad', 'Jihad Hojeily', 'Sam Nessim', 'Leyla Fouad', 'Claude Msawbaa', 'Antoinette El-Noufaily']",6.7,0
Killer Joe,"['William Friedkin', 'Matthew McConaughey', 'Emile Hirsch', 'Juno Temple', 'Gina Gershon', 'Thomas Haden Church']",10,3665069
Higher Ground,"['Vera Farmiga', 'Vera Farmiga', 'Joshua Leonard', 'Norbert Leo Butz', 'Dagmara Dominczyk', 'John Hawkes', 'Bill Irwin', 'Ebon Moss-Bachrach', 'Donna Murphy']",2,841733
Paranormal Activity 3,"['Henry Joost', 'Ariel Schulman', 'Christopher B. Landon', 'Lauren Bittner', 'Chris Smith', 'Chloe Csengery']",5,207039844
Seven Days in Utopia,"['Robert Duvall', 'Lucas Black', 'Melissa Leo']",0,4373074
Damsels in Distress,"['Whit Stillman', 'Whit Stillman', 'Greta Gerwig', 'Adam Brody', 'Analeigh Tipton', 'Megalyn Echikunwoke', 'Carrie MacLemore', 'Hugo Becker', 'Ryan Metcalf']",BudgetAbout 3,1220699
The Best Exotic Marigold Hotel,"['John Madden', 'Judi Dench', 'Bill Nighy', 'Penelope Wilton', 'Dev Patel', 'Celia Imrie', 'Ronald Pickup', 'Tom Wilkinson', 'Maggie Smith']",10,136836156
The Muppets,"['James Bobin', 'Jason Segel', 'Nicholas Stoller', 'Amy Adams', 'Chris Cooper', 'Rashida Jones']",45,165.2
Something Borrowed,"['Luke Greenfield', 'Ginnifer Goodwin', 'Kate Hudson', 'John Krasinski', 'Colin Egglesfield', 'Steve Howey', 'Ashley Williams']",35,60183821
Soul Surfer,"['Sean McNamara', 'AnnaSophia Robb', 'Helen Hunt', 'Lorraine Nicholson', 'Carrie Underwood', 'Dennis Quaid']",18,47088990
African Cats,"['Alastair Fothergill', 'Keith Scholey']",0,30.9
Sucker Punch,"['Zack Snyder', 'Emily Browning', 'Abbie Cornish', 'Jena Malone', 'Vanessa Hudgens', 'Jamie Chung', 'Carla Gugino', 'Oscar Isaac', 'Jon Hamm', 'Scott Glenn']",82,89792502
Rio,"['Carlos Saldanha', 'Jesse Eisenberg', 'Anne Hathaway', 'Leslie Mann', 'Jemaine Clement', 'George Lopez', 'will.i.am', 'Jamie Foxx', 'Jake T. Austin', 'Tracy Morgan', 'Rodrigo Santoro']",90,484635760
Pariah,"['Dee Rees', 'Adepero Oduye', 'Kim Wayans', 'Aasha Davis']",0,769552 (USA)
A Better Life,"['Chris Weitz', 'Demian Bichir']",10,1759252
The Grey,"['Joe Carnahan', 'Liam Neeson', 'Frank Grillo', 'Dermot Mulroney', 'Dallas Roberts', 'Joe Anderson', 'Nonso Anozie', 'James Badge Dale']",25,77.3
Friends with Benefits,"['Will Gluck', 'Justin Timberlake', 'Mila Kunis']",35,149542245 
Gnomeo & Juliet,"['Kelly Asbury', 'James McAvoy', 'Emily Blunt', 'Michael Caine', 'Maggie Smith', 'Jason Statham', 'Jim Cummings', 'Patrick Stewart', 'Ashley Jensen', 'Stephen Merchant', 'Matt Lucas', 'Ozzy Osbourne']",36,194
Paul,"['Greg Mottola', 'Simon Pegg', 'Nick Frost', 'Simon Pegg', 'Nick Frost', 'Seth Rogen']",40,98
Jane Eyre,"['Cary Joji Fukunaga', 'Mia Wasikowska', 'Michael Fassbender', 'Judi Dench', 'Jamie Bell']",0,34710627 
Zookeeper,"['Frank Coraci', 'Rosario Dawson', 'Leslie Bibb']",80,169852759
Monte Carlo,"['Thomas Bezucha', 'Selena Gomez', 'Leighton Meester', 'Katie Cassidy', 'Cory Monteith', 'Andie MacDowell']",20,39667665
Haywire,"['Steven Soderbergh', 'Lem Dobbs', 'Gina Carano', 'Michael Fassbender', 'Ewan McGregor', 'Bill Paxton', 'Channing Tatum', 'Antonio Banderas', 'Michael Douglas']",23,33372606
Source Code,"['Duncan Jones', 'Ben Ripley', 'Jake Gyllenhaal', 'Michelle Monaghan', 'Vera Farmiga', 'Jeffrey Wright']",32,147332697
A Dangerous Method,"['David Cronenberg', 'Keira Knightley', 'Viggo Mortensen', 'Michael Fassbender', 'Vincent Cassel']",18,27462041
Bellflower,['Evan Glodell'],17000,168226
The Human Centipede 2 (Full Sequence),"['Tom Six', 'Laurence R. Harvey', 'Ashlynn Yennie']",0,141877
30 Minutes or Less,"['Ruben Fleischer', 'Jesse Eisenberg', 'Danny McBride', 'Aziz Ansari', 'Nick Swardson', 'Fred Ward']",28,40547440
Moneyball,"['Bennett Miller', 'Jonah Hill', 'Philip Seymour Hoffman']",50,110.2
Footloose,"['Craig Brewer', 'Kenny Wormald', 'Julianne Hough', 'Andie MacDowell', 'Dennis Quaid']",24,62701289
Your Sister's Sister,"['Lynn Shelton', 'Emily Blunt', 'Rosemarie DeWitt', 'Mark Duplass']",125000,3242802
Warrior,"[""Gavin O'Connor"", 'Joel Edgerton', 'Tom Hardy', 'Jennifer Morrison', 'Frank Grillo', 'Nick Nolte']",25,23.06
Shark Night,"['David R. Ellis', 'Will Hayes', 'Sara Paxton', 'Dustin Milligan', 'Chris Carmack', 'Katharine McPhee', 'Donal Logue', 'Joshua Leonard', 'Joel David Moore']",25,40136479
Shame,"['Steve McQueen', 'Abi Morgan', 'Michael Fassbender', 'Carey Mulligan', 'James Badge Dale', 'Nicole Beharie']",Budget4.2,Box office11.1
Season of the Witch,"['Dominic Sena', 'Brett Ratner', 'Bragi F. Schut', 'Nicolas Cage', 'Ron Perlman', 'Stephen Campbell Moore', 'Claire Foy', 'Stephen Graham', 'Ulrich Thomsen', 'Robert Sheehan', 'Christopher Lee']",40,91.6
Limitless,"['Neil Burger', 'Bradley Cooper', 'Abbie Cornish', 'Robert De Niro']",27,161849455
Hobo with a Shotgun,"['Jason Eisener', 'Rutger Hauer', 'Molly Dunsworth', 'Brian Downey', 'Gregory Smith']",3,748453
The Woman in the Fifth,"['Pawe Pawlikowski', 'Ethan Hawke', 'Kristin Scott Thomas']",0,0
I Am Number Four,"['D. J. Caruso', 'Alex Pettyfer', 'Timothy Olyphant', 'Teresa Palmer', 'Dianna Agron', 'Callan McAuliffe', 'Kevin Durand']",50,149.9
Attack the Block,"['Joe Cornish', 'Jodie Whittaker', 'John Boyega', 'Alex Esmail', 'Franz Drameh', 'Leeon Jones', 'Luke Treadaway', 'Nick Frost']",Budget8,5824175
360,[],0,0
Jack and Jill,"['Dennis Dugan', 'Adam Sandler', 'Al Pacino', 'Katie Holmes']",79,149673788
Friends with Kids,"['Jennifer Westfeldt', 'Adam Scott', 'Jennifer Westfeldt', 'Jon Hamm', 'Kristen Wiig', 'Maya Rudolph', ""Chris O'Dowd"", 'Megan Fox', 'Edward Burns']",10,12186625
We Have a Pope,"['Nanni Moretti', 'Francesco Piccolo', 'Michel Piccoli', 'Nanni Moretti']",Budget 8,0
The Guard,"['John Michael McDonagh', 'Brendan Gleeson', 'Don Cheadle', 'Mark Strong', 'Liam Cunningham', 'Fionnula Flanagan']",6,19560274
The Iron Lady,"['Phyllida Lloyd', 'Abi Morgan', 'Meryl Streep', 'Jim Broadbent', 'Anthony Head', 'Richard E. Grant', 'Iain Glen', 'Olivia Colman']",Budget8.2,115
Miss Bala,[],0,0
The Twilight Saga: Breaking Dawn  Part 1,"['Bill Condon', 'Kristen Stewart', 'Robert Pattinson', 'Taylor Lautner', 'Billy Burke', 'Peter Facinelli', 'Elizabeth Reaser', 'Kellan Lutz', 'Nikki Reed', 'Jackson Rathbone', 'Ashley Greene']",110,712171856
Diary of a Wimpy Kid: Rodrick Rules,[],0,0
The Divide,"['Xavier Gens', 'Lauren German', 'Michael Biehn', 'Milo Ventimiglia', 'Courtney B. Vance', 'Michael Eklund', 'Abbey Thickson', 'Ashton Holmes', 'Rosanna Arquette']",3000000,130839
Your Highness,"['David Gordon Green', 'Danny McBride', 'Ben Best', 'James Franco', 'Natalie Portman', 'Zooey Deschanel', 'Justin Theroux', 'Toby Jones', 'Damian Lewis']",50,24.9
Sound of My Voice,"['Zal Batmanglij', 'Christopher Denham']",135000,408015
Arthur,"['Jason Winer', 'Russell Brand', 'Helen Mirren', 'Jennifer Garner', 'Luis Guzmn', 'Greta Gerwig', 'Nick Nolte']",40,45735397
Real Steel,"['Shawn Levy', 'Hugh Jackman', 'Dakota Goyo', 'Evangeline Lilly', 'Anthony Mackie', 'Kevin Durand']",110,299.3
Bol,"['Saqlain Nawaz', 'Shoaib Mansoor', 'Humaima Malik', 'Atif Aslam', 'Mahira Khan', 'Iman Ali', 'Amr Kashmiri', 'Shafqat Cheema', 'Manzar Sehbai', 'Zaib Rehman']","BudgetPKR 200,000,00",Box officePKR 89 crore
Rango,"['Gore Verbinski', 'Johnny Depp', 'Isla Fisher', 'Abigail Breslin', 'Ned Beatty', 'Alfred Molina', 'Bill Nighy', 'Stephen Root', 'Harry Dean Stanton', 'Ray Winstone', 'Timothy Olyphant']",135,245724603
This Is Not a Film,[],0,0
Conan the Barbarian,"['Marcus Nispel', 'Thomas Dean Donnelly\nJoshua Oppenheimer', 'Sean Hood', 'Jason Momoa', 'Rachel Nichols', 'Stephen Lang', 'Rose McGowan', 'Sad Taghmaoui', 'Leo Howard', 'Bob Sapp', 'Ron Perlman']",90,48795021
Fright Night,"['Craig Gillespie', 'Anton Yelchin', 'Colin Farrell', 'Christopher Mintz-Plasse', 'David Tennant', 'Imogen Poots', 'Toni Collette']",30,41002607
A Separation,"['Asghar Farhadi', 'Leila Hatami', 'Peyman Moaadi', 'Shahab Hosseini', 'Sareh Bayat', 'Sarina Farhadi', 'Merila Zarei']",500000,22926616 (Worldwide)
The Artist,"['Michel Hazanavicius', 'Jean Dujardin', 'Brnice Bejo']",15,133.4
Footnote,"['Joseph Cedar', 'Lior Ashkenazi']",0,2007758
Tinker Tailor Soldier Spy,"['Tomas Alfredson', 'Gary Oldman', 'Colin Firth', 'Tom Hardy', 'John Hurt', 'Toby Jones', 'Mark Strong', 'Benedict Cumberbatch', 'Ciarn Hinds']",21,80630608
Green Lantern,"['Martin Campbell', 'Ryan Reynolds', 'Blake Lively', 'Peter Sarsgaard', 'Mark Strong', 'Angela Bassett', 'Tim Robbins', 'Temuera Morrison', 'Geoffrey Rush', 'Michael Clarke Duncan']",200,219851172
Apollo 18,"['Gonzalo Lpez-Gallego', 'Warren Christie', 'Lloyd Owen', 'Ryan Robbins']",5,25562924
Sherlock Holmes: A Game of Shadows,"['Guy Ritchie', 'Kieran Mulroney', 'Robert Downey, Jr.', 'Jude Law', 'Noomi Rapace', 'Jared Harris', 'Rachel McAdams', 'Eddie Marsan']",125,545448418
Water for Elephants,[],0,0
Take Shelter,"['Jeff Nichols', 'Michael Shannon', 'Jessica Chastain', 'Shea Whigham', 'Katy Mixon', 'Kathy Baker']",5,3077604
The Lion of Judah,"['Scott Eastwood', 'Ernest Borgnine', 'Georgina Cordova', 'Sandi Patty', 'Anupam Kher', 'Michael Madsen', 'Alphonso McAuley', 'Omar Benson Miller', 'Vic Mignogna']",15,0
Horrible Bosses,"['Seth Gordon', 'Jason Bateman', 'Charlie Day', 'Jason Sudeikis', 'Jennifer Aniston', 'Colin Farrell', 'Kevin Spacey', 'Donald Sutherland', 'Jamie Foxx']",37,209.6
Midnight in Paris,"['Woody Allen', 'Kathy Bates', 'Adrien Brody', 'Carla Bruni', 'Marion Cotillard', 'Rachel McAdams', 'Michael Sheen', 'Owen Wilson']",17,151119219
The Raid: Redemption,"['Gareth Evans', 'Iko Uwais', 'Joe Taslim', 'Donny Alamsyah']",1.1,14.1
Headhunters,"['Morten Tyldum', 'Aksel Hennie', 'Synnve Macody Lund', 'Nikolaj Coster-Waldau', 'Julie lgaard']",Budget30  NOK,15391296
Captain America: The First Avenger,"['Joe Johnston', 'Chris Evans', 'Tommy Lee Jones', 'Hugo Weaving', 'Hayley Atwell', 'Sebastian Stan', 'Dominic Cooper', 'Neal McDonough', 'Derek Luke', 'Stanley Tucci']",140,370.6
Puss in Boots,"['Chris Miller', 'Tom Wheeler', 'Will Davies', 'Brian Lynch', 'Antonio Banderas', 'Zach Galifianakis', 'Salma Hayek', 'Billy Bob Thornton', 'Amy Sedaris']",130,554987477
Young Adult,"['Jason Reitman', 'Charlize Theron', 'Patton Oswalt', 'Patrick Wilson', 'Elizabeth Reaser', 'Collette Wolfe']",12,22654650
The Rum Diary,"['Bruce Robinson', 'Aaron Eckhart', 'Michael Rispoli', 'Amber Heard', 'Richard Jenkins', 'Giovanni Ribisi']",45,23.9
A Very Harold & Kumar 3D Christmas,"['Jon Hurwitz', 'Hayden Schlossberg', 'John Cho', 'Kal Penn', 'Neil Patrick Harris', 'Danneel Harris', 'Paula Garcs', 'Danny Trejo', 'Amir Blumenfeld']",19,35387212 
Mr. Popper's Penguins,"['Mark Waters', 'Jim Carrey', 'Carla Gugino', 'Madeline Carroll', 'Clark Gregg', 'Angela Lansbury']",55,187361754 
Bad Teacher,"['Jake Kasdan', 'Lee Eisenberg', 'Gene Stupnitsky', 'Cameron Diaz', 'Justin Timberlake', 'Lucy Punch', 'John Michael Higgins', 'Phyllis Smith', 'Jason Segel']",20,216197492
Hugo,[],0,0
The Smurfs,"['Raja Gosnell', 'Hank Azaria', 'Neil Patrick Harris', 'Jayma Mays', 'Sofia Vergara', 'Tim Gunn', 'Jonathan Winters', 'Katy Perry', 'Fred Armisen', 'Alan Cumming', 'Anton Yelchin', 'George Lopez']",110,563749323
What's Your Number?,"['Mark Mylod', 'Anna Faris', 'Chris Evans', 'Ari Graynor', 'Dave Annable', 'Joel McHale', 'Ed Begley, Jr.', 'Blythe Danner', 'Heather Burns', 'Eliza Coupe', 'Tika Sumpter', 'Oliver Jackson-Cohen']",20,30426096
You're Next,"['Adam Wingard', 'Sharni Vinson', 'Wendy Glenn', 'A. J. Bowen', 'Joe Swanberg']",1,25006212
Prom,"['Joe Nussbaum', 'Aimee Teegarden', 'Thomas McDonell', 'Cameron Monaghan', 'Yin Chang', 'Nicholas Braun', 'Dean Norris', 'Danielle Campbell', 'Nolan Sotillo', 'Christine Elise', 'Raini Rodriguez']",8,10.1
We Bought a Zoo,"['Cameron Crowe', 'Matt Damon', 'Scarlett Johansson', 'Thomas Haden Church', 'Patrick Fugit', 'Elle Fanning', 'Colin Ford', 'John Michael Higgins']",50,120081841
POM Wonderful Presents: The Greatest Movie Ever Sold,"['Morgan Spurlock', 'J.J. Abrams', 'Jimmy Kimmel']",1.5,700000 approx. (USA) (28 August 2011)
I Don't Know How She Does It,"['Douglas McGrath', 'Sarah Jessica Parker', 'Pierce Brosnan', 'Greg Kinnear', 'Christina Hendricks', 'Olivia Munn', 'Busy Phillips']",24,30551495
Bridesmaids,"['Paul Feig', 'Annie Mumolo', 'Kristen Wiig', 'Maya Rudolph', 'Rose Byrne', ""Chris O'Dowd"", 'Melissa McCarthy', 'Wendi McLendon-Covey', 'Ellie Kemper', 'Jill Clayburgh', 'Matt Lucas', 'Rebel Wilson', 'Michael Hitchcock']",32.5,288383523
Once Upon a Time in Anatolia,"['Nuri Bilge Ceylan', 'Ylmaz Erdoan', 'Taner Birsel']",0,0
Winnie the Pooh,"['Stephen J. Anderson', 'Jim Cummings', 'Travis Oates', 'Tom Kenny', 'Craig Ferguson', 'Bud Luckey', 'Kristen Anderson-Lopez']",30,44.7
The Adventures of Tintin: Secret of the Unicorn,"['Steven Spielberg', 'Steven Moffat', 'Edgar Wright', 'Joe Cornish', 'Jamie Bell', 'Andy Serkis', 'Daniel Craig', 'Nick Frost', 'Simon Pegg', 'Daniel Mays', 'Mackenzie Crook', 'Toby Jones', 'Gad Elmaleh']",135,374
The Girl with the Dragon Tattoo,"['David Fincher', 'Daniel Craig', 'Rooney Mara', 'Christopher Plummer', 'Stellan Skarsgrd', 'Steven Berkoff', 'Robin Wright', 'Yorick van Wageningen', 'Joely Richardson']",90,232617430
Take Me Home Tonight,"['Michael Dowse', 'Topher Grace', 'Anna Faris', 'Dan Fogler', 'Teresa Palmer']",19,6923891
Beastly,"['Daniel Barnz', 'Vanessa Hudgens', 'Alex Pettyfer', 'Mary-Kate Olsen', 'Peter Krause', 'Lisa Gay Hamilton', 'Neil Patrick Harris']",17,43165571
Restless,"['Gus Van Sant', 'Henry Hopper', 'Mia Wasikowska']",8,2510117
No Strings Attached,"['Ivan Reitman', 'Natalie Portman', 'Ashton Kutcher', 'Cary Elwes', 'Kevin Kline']",25,149228077
The Big Year,"['David Frankel', '[1]', 'Howard Franklin', 'Steve Martin', 'Jack Black', 'Owen Wilson', 'Rosamund Pike', 'JoBeth Williams', 'Rashida Jones']",41,7448385
J. Edgar,[],0,0
Take This Waltz,"['Sarah Polley', 'Michelle Williams', 'Seth Rogen', 'Sarah Silverman', 'Luke Kirby']",0,1239692
"Oslo, August 31st","['Joachim Trier', 'Eskil Vogt', 'no', 'Anders Danielsen Lie']",0,0
Abduction,"['John Singleton', 'Shawn Christensen', 'Taylor Lautner', 'Lily Collins', 'Alfred Molina', 'Jason Isaacs', 'Maria Bello', 'Sigourney Weaver', 'Michael Nyqvist', 'Dermot Mulroney']",35,82087155
Neil Young Journeys,"['Jonathan Demme', 'Neil Young']",0,215026
Another Earth,"['Mike Cahill', 'Brit Marling', 'William Mapother']",100000,1776935
Madea's Big Happy Family,"['Tyler Perry', 'Tyler Perry', 'Loretta Devine', 'Shad ""Bow Wow"" Moss', 'David Mann', 'Cassi Davis', 'Tamela Mann', 'Lauren London', 'Isaiah Mustafa', 'Rodney Perry', 'Shannon Kane', 'Teyana Taylor']",25,54161287
Kumar,[],0,132160
Cowboys & Aliens,"['Jon Favreau', 'Daniel Craig', 'Harrison Ford', 'Olivia Wilde']",163,174822325
Violet & Daisy,"['Geoffrey S. Fletcher', 'Saoirse Ronan', 'Alexis Bledel', 'Marianne Jean-Baptiste', 'Danny Trejo', 'James Gandolfini']",8,17186
"Crazy, Stupid, Love.","['Glenn Ficarra', 'John Requa', 'Dan Fogelman', 'Ryan Gosling', 'Julianne Moore', 'Emma Stone', 'John Carroll Lynch', 'Marisa Tomei', 'Analeigh Tipton', 'Kevin Bacon']",50,142851197
Sanctum,"['Alister Grierson', 'Richard Roxburgh', 'Rhys Wakefield', 'Daniel Wyllie', 'Ioan Gruffudd']",30,108609310
Tower Heist,"['Brett Ratner', 'Ben Stiller', 'Casey Affleck', 'Alan Alda', 'Matthew Broderick', 'Ta Leoni', 'Michael Pea', 'Gabourey Sidibe']",85,152.9
The Thing,"['Matthijs van Heijningen Jr.', 'Eric Heisserer', 'Mary Elizabeth Winstead', 'Joel Edgerton', 'Ulrich Thomsen', 'Adewale Akinnuoye-Agbaje', 'Eric Christian Olsen']",38,27428670
Arthur Christmas,"['Sarah Smith', 'Peter Baynham', 'James McAvoy', 'Hugh Laurie', 'Bill Nighy', 'Jim Broadbent', 'Imelda Staunton', 'Ashley Jensen', 'Marc Wootton', 'Laura Linney', 'Eva Longoria', 'Ramona Marquez', 'Michael Palin']",100,147419472
Justin Bieber: Never Say Never,['Jon M. Chu'],13,99036827
Salmon Fishing in the Yemen,"['Lasse Hallstrm', 'Ewan McGregor', 'Emily Blunt', 'Kristin Scott Thomas', 'Amr Waked']",14500000,34564651
The Descendants,"['Alexander Payne', 'George Clooney', 'Shailene Woodley', 'Beau Bridges', 'Judy Greer', 'Matthew Lillard', 'Robert Forster']",20,177243185
First Position,['Bess Kargman'],0,0
The Mechanic,[],0,0
The Change-Up,"['David Dobkin', 'Jon Lucas', 'Scott Moore', 'Ryan Reynolds', 'Jason Bateman']",52,75.5
"Jeff, Who Lives at Home","['Jay Duplass', 'Mark Duplass', 'Jason Segel', 'Ed Helms', 'Judy Greer', 'Susan Sarandon']",7.5,4704757
Margin Call,"['J.C. Chandor', 'Kevin Spacey', 'Paul Bettany', 'Jeremy Irons', 'Zachary Quinto', 'Penn Badgley', 'Simon Baker', 'Mary McDonnell', 'Demi Moore', 'Stanley Tucci']",3.5,19504039
Albert Nobbs,"['Rodrigo Garca', 'Mia Wasikowska', 'Aaron Johnson', 'Janet McTeer', 'Pauline Collins', 'Jonathan Rhys Meyers', 'Brendan Gleeson', 'Maria Doyle Kennedy']",7.5m approx.),5634828 (worldwide)
Mars Needs Moms,"['Simon Wells', 'Seth Green', 'Dan Fogler', 'Elisabeth Harnois', 'Mindy Sterling', 'Joan Cusack']",150,39
The Sitter,"['David Gordon Green', 'Jonah Hill', 'Max Records', 'Ari Graynor', 'J. B. Smoove', 'Sam Rockwell']",25,34590770 
Happy Feet Two,"['George Miller', 'Gary Eck', 'Paul Livingston', 'Elijah Wood', 'Robin Williams', 'Hank Azaria', 'Brad Pitt', 'Matt Damon', 'Pink', 'Sofa Vergara', 'Common', 'Hugo Weaving', 'Richard Carter', 'Magda Szubanski', 'Anthony LaPaglia']",135,150406466
The Ides of March,"['George Clooney', 'Ryan Gosling', 'Philip Seymour Hoffman', 'Paul Giamatti', 'Evan Rachel Wood', 'Marisa Tomei', 'Jeffrey Wright']",12.5,75993061
Spy Kids: All the Time in the World,"['Robert Rodriguez', 'Jessica Alba', 'Joel McHale', 'Alexa Vega', 'Daryl Sabara', 'Rowan Blanchard', 'Mason Cook', 'Ricky Gervais', 'Jeremy Piven']",27,85564310
Heleno,"['Rodrigo Santoro', 'Angie Cepeda', 'Alinne Moraes', 'Othon Bastos']",0,0
Hoodwinked Too! Hood vs. Evil,"['Mike Disa', 'Cory Edwards', 'Todd Edwards', 'Tony Leech', 'Glenn Close', 'Cheech Marin', 'Tommy Chong', 'Hayden Panettiere', 'Amy Poehler', 'Martin Short', 'Patrick Warburton']",30,16960968
My Week with Marilyn,"['Simon Curtis', 'Michelle Williams', 'Kenneth Branagh', 'Eddie Redmayne', 'Emma Watson', 'Judi Dench']",10 ),34556085
Atlas Shrugged: Part I,"['Paul Johansson', 'Taylor Schilling', 'Grant Bowler']",20,4627375
Cars 2,"['John Lasseter', 'Owen Wilson', 'Larry the Cable Guy', 'Michael Caine', 'Emily Mortimer', 'John Turturro', 'Eddie Izzard']",200,559.9
Hall Pass,"['Bobby', 'Peter Farrelly', 'Owen Wilson', 'Jason Sudeikis', 'Jenna Fischer', 'Christina Applegate', 'Stephen Merchant', 'Joy Behar', 'Alexandra Daddario', 'Nicky Whelan']",36,83160734
Kung Fu Panda 2,"['Jennifer Yuh Nelson', 'Jonathan Aibel', 'Glenn Berger', 'Charlie Kaufman', '[1]', 'Jack Black', 'Angelina Jolie', 'Dustin Hoffman', 'Gary Oldman', 'Jackie Chan', 'Seth Rogen', 'Lucy Liu', 'David Cross', 'James Hong', 'Michelle Yeoh', 'Danny McBride', 'Dennis Haysbert', 'Jean-Claude Van Damme', 'Victor Garber']",150,665.7
Fast Five,"['Justin Lin', 'Chris Morgan', 'Paul Walker', 'Jordana Brewster', 'Tyrese Gibson', 'Chris ""Ludacris"" Bridges', 'Matt Schulze', 'Sung Kang', 'Dwayne Johnson', 'Joaquim de Almeida']",125,626.1
Pirates of the Caribbean: On Stranger Tides,"['Rob Marshall', 'Johnny Depp', 'Penlope Cruz', 'Ian McShane', 'Kevin R. McNally', 'Geoffrey Rush']",32.1  tax rebate),1.046 billion
Johnny English Reborn,"['Oliver Parker', 'Rowan Atkinson', 'Rosamund Pike', 'Gillian Anderson', 'Dominic West', 'Daniel Kaluuya', 'Richard Schiff', 'Tim McInnerny']",45,160078586
Union Square,"['Mira Sorvino', 'Tammy Blanchard', 'Patti LuPone', 'Mike Doyle', 'Michael Rispoli', 'Daphne Rubin-Vega', 'Christopher Backus']",0,0
Hop,"['Tim Hill', 'Russell Brand', 'James Marsden', 'Kaley Cuoco', 'Hank Azaria', 'Gary Cole', 'Elizabeth Perkins', 'Hugh Laurie']",63,183953723
The Way,"['Emilio Estevez', 'Martin Sheen', 'Deborah Kara Unger', 'James Nesbitt', 'Yorick van Wageningen']",0,4430765
Collaborator,"['Martin Donovan', 'Martin Donovan', 'David Morse', 'Olivia Williams', 'Katherine Helmond', 'Eileen Ryan']",0,0
Red Riding Hood,"['Catherine Hardwicke', 'David Leslie Johnson', 'Amanda Seyfried', 'Gary Oldman', 'Billy Burke', 'Shiloh Fernandez', 'Max Irons', 'Virginia Madsen', 'Lukas Haas', 'Julie Christie']",42,89162162
Super 8,"['J. J. Abrams', 'Joel Courtney', 'Elle Fanning', 'Kyle Chandler', 'Riley Griffiths', 'Ryan Lee', 'Ron Eldard']",50,260095986
Coriolanus,"['Ralph Fiennes', 'Gerard Butler', 'Vanessa Redgrave', 'Brian Cox', 'Jessica Chastain', 'John Kani', 'James Nesbitt', 'Paul Jesson', 'Lubna Azabal', 'Ashraf Barhom']",7.7,1072602
Glee: The 3D Concert Movie,"['Kevin Tancharoen', 'Dianna Agron', 'Chris Colfer', 'Darren Criss', 'Kevin McHale', 'Lea Michele', 'Cory Monteith', 'Heather Morris', 'Amber Riley', 'Naya Rivera', 'Mark Salling', 'Jenna Ushkowitz', 'Harry Shum, Jr.', 'Chord Overstreet', 'Ashley Fink']",9,18663238
Jiro Dreams of Sushi,[],0,2552478NA
The Adjustment Bureau,"['George Nolfi', 'Matt Damon', 'Emily Blunt']",50.2,127869379
Judy Moody and the Not Bummer Summer,"['John Schultz', '[1]', 'Megan McDonald', 'Jordana Beatty', 'Heather Graham', 'Preston Bailey', 'Taylar Hender', 'Jaleel White']",20,15551111
One Day,"['Lone Scherfig', 'David Nicholls', 'Anne Hathaway', 'Jim Sturgess', 'Tom Mison', 'Jodie Whittaker', 'Rafe Spall', 'Josphine de La Baume', 'Patricia Clarkson']",15,56706628
Alvin and the Chipmunks: Chipwrecked,"['Mike Mitchell', '[1]', 'Jonathan Aibel', 'Glenn Berger', 'Jason Lee', 'David Cross', 'Jenny Slate', 'Justin Long', 'Matthew Gray Gubler', 'Jesse McCartney', 'Amy Poehler', 'Anna Faris', 'Christina Applegate']",80,342695435
The Help,"['Tate Taylor', 'Emma Stone', 'Viola Davis', 'Octavia Spencer', 'Jessica Chastain', 'Bryce Dallas Howard', 'Allison Janney']",25,216.6
Fightville,"['Dustin Poirier', 'Tim Credeur']",0,0
The Ambassador,['Mads Brgger'],0,28102 (US)
Jumping the Broom,[],0,0
Melancholia,"['Lars von Trier', 'Kirsten Dunst', 'Charlotte Gainsbourg', 'Alexander Skarsgrd', 'Brady Corbet', 'Charlotte Rampling', 'Jesper Christensen', 'John Hurt', 'Stellan Skarsgrd', 'Udo Kier', 'Kiefer Sutherland']",9.4  as of Aug. 2010),15946321
Rampart,[],0,0
Transformers: Dark of the Moon,"['Michael Bay', 'Shia LaBeouf', 'Josh Duhamel', 'John Turturro', 'Tyrese Gibson', 'Rosie Huntington-Whiteley', 'Patrick Dempsey', 'Kevin Dunn', 'Julie White', 'John Malkovich', 'Frances McDormand']",195,1123794079
Hanna,"['Joe Wright', 'Saoirse Ronan', 'Eric Bana', 'Tom Hollander', 'Olivia Williams', 'Jason Flemyng', 'Cate Blanchett']",30,63782078
The Eagle,"['Kevin Macdonald', 'Channing Tatum', 'Jamie Bell', 'Donald Sutherland', 'Mark Strong']",25,35467108
Silent House,"['Chris Kentis', 'Elizabeth Olsen', 'Eric Sheffer Stevens']",2,13101672
Drive,"['Nicolas Winding Refn', 'Ryan Gosling', 'Carey Mulligan', 'Bryan Cranston', 'Christina Hendricks', 'Ron Perlman', 'Oscar Isaac', 'Albert Brooks']",15,76175166
Larry Crowne,[],0,0
The Green Hornet,"['Michel Gondry', 'Seth Rogen', 'Evan Goldberg', 'Seth Rogen', 'Jay Chou', 'Christoph Waltz', 'Cameron Diaz', 'Edward James Olmos', 'David Harbour', 'Tom Wilkinson']",120,227817248
Comic-Con Episode IV: A Fan's Hope,['Morgan Spurlock'],0,0
Priest,"['Scott Stewart', 'Paul Bettany', 'Karl Urban', 'Lily Collins', 'Cam Gigandet', 'Maggie Q']",60,78309131
Extremely Loud and Incredibly Close,"['Stephen Daldry', 'Tom Hanks', 'Sandra Bullock', 'Thomas Horn', 'Max von Sydow', 'Viola Davis', 'John Goodman', 'Jeffrey Wright']",40,55247881
"Big Mommas: Like Father, Like Son","['John Whitesell', 'Martin Lawrence', 'Brandon T. Jackson']",32,83915414
Courageous,"['Alex Kendrick', 'Ken Bevel', 'Kevin Downes']",2,34522221
Mission: Impossible  Ghost Protocol,"['Brad Bird', 'Jeremy Renner', 'Simon Pegg', 'Paula Patton', 'Anil Kapoor']",145,694713380
The Rite,"['Mikael Hfstrm', 'Michael Petroni', 'Anthony Hopkins', ""Colin O'Donoghue"", 'Alice Braga', 'Ciarn Hinds', 'Rutger Hauer']",37,96047633
Dylan Dog: Dead of Night,[],0,0
W.E.,"['Madonna', 'Alek Keshishian', 'Abbie Cornish', ""James D'Arcy"", 'Andrea Riseborough', 'Oscar Isaac']",29.03),0.92)
Bucky Larson: Born to Be a Star,"['Tom Brady', 'Nick Swardson', 'Christina Ricci', 'Stephen Dorff', 'Don Johnson']",9,2529395
The Lincoln Lawyer,"['Brad Furman', 'Matthew McConaughey', 'Marisa Tomei', 'Ryan Phillippe', 'Josh Lucas', 'John Leguizamo', 'Michael Pea', 'Bob Gunton', 'Bryan Cranston', 'William H. Macy']",40,85507593
Contagion,"['Steven Soderbergh', 'Scott Z. Burns', 'Marion Cotillard', 'Matt Damon', 'Laurence Fishburne', 'Jude Law', 'Gwyneth Paltrow', 'Kate Winslet']",60,135458097
The Dilemma,"['Ron Howard', 'Allan Loeb', 'Kevin James', 'Jennifer Connelly', 'Winona Ryder', 'Channing Tatum', 'Queen Latifah']",70,70525502
3D Sex and Zen: Extreme Ecstasy,"['Hayama Hiro', 'Saori Hara']",3.5,6369363
The Beaver,"['Jodie Foster', 'Kyle Killen', 'Mel Gibson', 'Anton Yelchin', 'Jennifer Lawrence']",21,6370816
In Time,"['Andrew Niccol', 'Amanda Seyfried', 'Justin Timberlake', 'Alex Pettyfer', 'Cillian Murphy']",40,173930596
Goon,"['Michael Dowse', 'Evan Goldberg', 'Seann William Scott', 'Alison Pill', 'Marc-Andr Grondin', 'Kim Coates', 'Eugene Levy', 'Liev Schreiber']",0,6985158
Just Go with It,[],0,0
Straw Dogs,"['Rod Lurie', 'James Marsden', 'Kate Bosworth', 'Alexander Skarsgrd', 'Dominic Purcell', 'Rhys Coiro', 'Willa Holland', 'James Woods']",25,11168712
Colombiana,"['Olivier Megaton', 'Zoe Saldana', 'Michael Vartan', 'Cliff Curtis', 'Lennie James', 'Callum Blue', 'Jordi Moll']",40,60965854 (worldwide)
The Oranges,"['Julian Farino', 'Hugh Laurie', 'Catherine Keener', 'Oliver Platt', 'Allison Janney', 'Alia Shawkat', 'Adam Brody', 'Leighton Meester']",7,366377
