movie_name,movie_link
Martin Lawrence Live: Runteldat,/wiki/Martin_Lawrence_Live:_Runteldat
The Powerpuff Girls Movie,/wiki/The_Powerpuff_Girls_Movie
Ali G Indahouse,/wiki/Ali_G_Indahouse
The Scorpion King,/wiki/The_Scorpion_King
Abandon,/wiki/Abandon_(2002_film)
Half Past Dead,/wiki/Half_Past_Dead
Life or Something Like It,/wiki/Life_or_Something_Like_It
Spy Kids 2: The Island of Lost Dreams,/wiki/Spy_Kids_2:_The_Island_of_Lost_Dreams
8 Mile,/wiki/8_Mile_(film)
Sweet Home Alabama,/wiki/Sweet_Home_Alabama_(film)
John Q,/wiki/John_Q
Lilo & Stitch,/wiki/Lilo_%26_Stitch
Trapped,/wiki/Trapped_(2002_film)
Men in Black II,/wiki/Men_in_Black_II
The New Guy,/wiki/The_New_Guy
Eight Legged Freaks,/wiki/Eight_Legged_Freaks
The Ring,/wiki/The_Ring_(2002_film)
The Master of Disguise,/wiki/The_Master_of_Disguise
Frailty,/wiki/Frailty_(film)
Orange County,/wiki/Orange_County_(film)
Kung Pow! Enter the Fist,/wiki/Kung_Pow!_Enter_the_Fist
The Count of Monte Cristo,/wiki/The_Count_of_Monte_Cristo_(2002_film)
Tuck Everlasting,/wiki/Tuck_Everlasting_(2002_film)
Star Trek: Nemesis,/wiki/Star_Trek:_Nemesis
Clockstoppers,/wiki/Clockstoppers
Swimfan,/wiki/Swimfan
Friday After Next,/wiki/Friday_After_Next
Deuces Wild,/wiki/Deuces_Wild
Big Fat Liar,/wiki/Big_Fat_Liar
The Mothman Prophecies,/wiki/The_Mothman_Prophecies_(film)
Hollywood Ending,/wiki/Hollywood_Ending
Jonah: A VeggieTales Movie,/wiki/Jonah:_A_VeggieTales_Movie
Gangs of New York,/wiki/Gangs_of_New_York
The Time Machine,/wiki/The_Time_Machine_(2002_film)
The 51st State,/wiki/The_51st_State
The Country Bears,/wiki/The_Country_Bears
Brown Sugar,/wiki/Brown_Sugar_(2002_film)
Austin Powers in Goldmember,/wiki/Austin_Powers_in_Goldmember
Return to Never Land,/wiki/Return_to_Never_Land
The Santa Clause 2,/wiki/The_Santa_Clause_2
Spider-Man,/wiki/Spider-Man_(2002_film)
Windtalkers,/wiki/Windtalkers
Jackass: The Movie,/wiki/Jackass:_The_Movie
Rollerball,/wiki/Rollerball_(2002_film)
Changing Lanes,/wiki/Changing_Lanes
Sorority Boys,/wiki/Sorority_Boys
Eight Crazy Nights,/wiki/Eight_Crazy_Nights
Snow Dogs,/wiki/Snow_Dogs
The Crocodile Hunter: Collision Course,/wiki/The_Crocodile_Hunter:_Collision_Course
The Rookie,/wiki/The_Rookie_(2002_film)
The Bourne Identity,/wiki/The_Bourne_Identity_(2002_film)
Analyze That,/wiki/Analyze_That
Insomnia,/wiki/Insomnia_(2002_film)
Reign of Fire,/wiki/Reign_of_Fire_(film)
Red Dragon,/wiki/Red_Dragon_(film)
Blood Work,/wiki/Blood_Work_(film)
City by the Sea,/wiki/City_by_the_Sea
Halloween: Resurrection,/wiki/Halloween:_Resurrection
I Spy,/wiki/I_Spy_(film)
Like Mike,/wiki/Like_Mike
The Lord of the Rings: The Two Towers,/wiki/The_Lord_of_the_Rings:_The_Two_Towers
White Oleander,/wiki/White_Oleander_(film)
The Banger Sisters,/wiki/The_Banger_Sisters
National Lampoon's Van Wilder,/wiki/National_Lampoon%27s_Van_Wilder
Queen of the Damned,/wiki/Queen_of_the_Damned_(film)
We Were Soldiers,/wiki/We_Were_Soldiers
Undercover Brother,/wiki/Undercover_Brother
The Sweetest Thing,/wiki/The_Sweetest_Thing
High Crimes,/wiki/High_Crimes
Harry Potter and the Chamber of Secrets,/wiki/Harry_Potter_and_the_Chamber_of_Secrets_(film)
Maid in Manhattan,/wiki/Maid_in_Manhattan
Knockaround Guys,/wiki/Knockaround_Guys
Extreme Ops,/wiki/Extreme_Ops
Mr. Deeds,/wiki/Mr._Deeds
Big Trouble,/wiki/Big_Trouble_(2002_film)
Ice Age,/wiki/Ice_Age_(2002_film)
The Emperor's Club,/wiki/The_Emperor%27s_Club
Barbershop,/wiki/Barbershop_(film)
Blue Crush,/wiki/Blue_Crush
A Walk to Remember,/wiki/A_Walk_to_Remember
Undisputed,/wiki/Undisputed_(film)
The Tuxedo,/wiki/The_Tuxedo
Pinocchio,/wiki/Pinocchio_(2002_film)
Stealing Harvard,/wiki/Stealing_Harvard
Enough,/wiki/Enough_(film)
Scooby-Doo,/wiki/Scooby-Doo_(film)
FeardotCom,/wiki/FeardotCom
Dragonfly,/wiki/Dragonfly_(2002_film)
S1MNE,/wiki/Simone_(2002_film)
Resident Evil,/wiki/Resident_Evil_(film)
Slackers,/wiki/Slackers_(film)
The Transporter,/wiki/The_Transporter
The Wild Thornberrys Movie,/wiki/The_Wild_Thornberrys_Movie
The Truth About Charlie,/wiki/The_Truth_About_Charlie
Hart's War,/wiki/Hart%27s_War
Blade II,/wiki/Blade_II
Juwanna Mann,/wiki/Juwanna_Mann
Collateral Damage,/wiki/Collateral_Damage_(film)
Impostor,/wiki/Impostor_(film)
Star Wars Episode II: Attack of the Clones,/wiki/Star_Wars_Episode_II:_Attack_of_the_Clones
Jason X,/wiki/Jason_X
Serving Sara,/wiki/Serving_Sara
Stuart Little 2,/wiki/Stuart_Little_2
Femme Fatale,/wiki/Femme_Fatale_(2002_film)
The Rules of Attraction,/wiki/The_Rules_of_Attraction_(film)
My Big Fat Greek Wedding,/wiki/My_Big_Fat_Greek_Wedding
Death to Smoochy,/wiki/Death_to_Smoochy
The Adventures of Pluto Nash,/wiki/The_Adventures_of_Pluto_Nash
Showtime,/wiki/Showtime_(film)
Bad Company,/wiki/Bad_Company_(2002_film)
Divine Secrets of the Ya-Ya Sisterhood,/wiki/Divine_Secrets_of_the_Ya-Ya_Sisterhood_(film)
All About the Benjamins,/wiki/All_About_the_Benjamins
Drumline,/wiki/Drumline_(film)
Murder by Numbers,/wiki/Murder_by_Numbers
40 Days and 40 Nights,/wiki/40_Days_and_40_Nights
Road to Perdition,/wiki/Road_to_Perdition
Panic Room,/wiki/Panic_Room
The Sum of All Fears,/wiki/The_Sum_of_All_Fears_(film)
Treasure Planet,/wiki/Treasure_Planet
Ghost Ship,/wiki/Ghost_Ship_(2002_film)
K-19: The Widowmaker,/wiki/K-19:_The_Widowmaker
Die Another Day,/wiki/Die_Another_Day
They,/wiki/They_(2002_film)
Unfaithful,/wiki/Unfaithful_(2002_film)
Spirit: Stallion of the Cimarron,/wiki/Spirit:_Stallion_of_the_Cimarron
One Hour Photo,/wiki/One_Hour_Photo
Minority Report,/wiki/Minority_Report_(film)
Two Weeks Notice,/wiki/Two_Weeks_Notice
Crossroads,/wiki/Crossroads_(2002_film)
About a Boy,/wiki/About_a_Boy_(film)
Ballistic: Ecks vs. Sever,/wiki/Ballistic:_Ecks_vs._Sever
Solaris,/wiki/Solaris_(2002_film)
Hey Arnold!: The Movie,/wiki/Hey_Arnold!:_The_Movie
Super Troopers,/wiki/Super_Troopers
Catch Me If You Can,/wiki/Catch_Me_If_You_Can
xXx,/wiki/XXX_(film)
The Four Feathers,/wiki/The_Four_Feathers_(2002_film)
The Hot Chick,/wiki/The_Hot_Chick
Signs,/wiki/Signs_(film)
Empire,/wiki/Empire_(2002_film)
